-- Adminer 4.7.0 MySQL dump

SET NAMES utf8;
SET time_zone = '+00:00';
SET foreign_key_checks = 0;
SET sql_mode = 'NO_AUTO_VALUE_ON_ZERO';

SET NAMES utf8mb4;

DROP TABLE IF EXISTS `answer`;
CREATE TABLE `answer` (
  `id` int(11) NOT NULL AUTO_INCREMENT,
  `question_id` int(11) NOT NULL,
  `answer` varchar(255) COLLATE utf8mb4_unicode_ci NOT NULL,
  `project_id` int(11) DEFAULT NULL,
  `last_score` double DEFAULT NULL,
  PRIMARY KEY (`id`),
  KEY `IDX_DADD4A251E27F6BF` (`question_id`),
  KEY `IDX_DADD4A25166D1F9C` (`project_id`),
  CONSTRAINT `FK_DADD4A25166D1F9C` FOREIGN KEY (`project_id`) REFERENCES `project` (`id`),
  CONSTRAINT `FK_DADD4A251E27F6BF` FOREIGN KEY (`question_id`) REFERENCES `question` (`id`)
) ENGINE=InnoDB DEFAULT CHARSET=utf8mb4 COLLATE=utf8mb4_unicode_ci;

INSERT INTO `answer` (`id`, `question_id`, `answer`, `project_id`, `last_score`) VALUES
(1,	1,	'0',	10,	-0.5),
(2,	2,	'0',	10,	0),
(3,	3,	'0',	10,	0),
(4,	4,	'0',	10,	0),
(5,	5,	'0',	10,	0),
(6,	6,	'0',	10,	0),
(7,	7,	'0',	10,	0),
(8,	8,	'0',	10,	0),
(9,	9,	'0',	10,	0),
(10,	10,	'0',	10,	0),
(11,	11,	'0',	10,	0),
(12,	12,	'0',	10,	0),
(13,	13,	'0',	10,	0),
(14,	14,	'0',	10,	0),
(15,	15,	'0',	10,	0),
(16,	16,	'0',	10,	0),
(17,	17,	'0',	10,	0),
(18,	18,	'0',	10,	0),
(19,	19,	'0',	10,	0),
(20,	20,	'0',	10,	-0.9),
(21,	21,	'0',	10,	0),
(22,	22,	'0',	10,	0),
(23,	23,	'0',	10,	0),
(24,	24,	'0',	10,	0),
(25,	25,	'0',	10,	0),
(26,	26,	'0',	10,	-0.6),
(27,	1,	'0',	11,	-0.5),
(28,	2,	'1',	11,	0.3),
(29,	3,	'1',	11,	0.2),
(30,	4,	'1',	11,	0.2),
(31,	5,	'10',	11,	6),
(32,	6,	'30',	11,	21),
(33,	7,	'0',	11,	0),
(34,	8,	'10',	11,	8),
(35,	9,	'1',	11,	0.5),
(36,	10,	'10',	11,	4),
(37,	11,	'1',	11,	0.7),
(38,	12,	'1',	11,	0.2),
(39,	13,	'1',	11,	0.6),
(40,	14,	'1',	11,	0.7),
(41,	15,	'1',	11,	0.2),
(42,	16,	'1',	11,	0.1),
(43,	17,	'1',	11,	0.6),
(44,	18,	'1',	11,	0.5),
(45,	19,	'1',	11,	0.8),
(46,	20,	'0',	11,	-0.9),
(47,	21,	'1',	11,	0.6),
(48,	22,	'1',	11,	0.3),
(49,	23,	'1',	11,	0.5),
(50,	24,	'1',	11,	0.8),
(51,	25,	'1',	11,	-0.5),
(52,	26,	'0',	11,	-0.6),
(53,	1,	'0',	12,	-0.5),
(54,	2,	'0',	12,	0),
(55,	3,	'0',	12,	0),
(56,	4,	'0',	12,	0),
(57,	5,	'0',	12,	0),
(58,	6,	'0',	12,	0),
(59,	7,	'0',	12,	0),
(60,	8,	'0',	12,	0),
(61,	9,	'0',	12,	0),
(62,	10,	'0',	12,	0),
(63,	11,	'0',	12,	0),
(64,	12,	'0',	12,	0),
(65,	13,	'0',	12,	0),
(66,	14,	'0',	12,	0),
(67,	15,	'0',	12,	0),
(68,	16,	'0',	12,	0),
(69,	17,	'0',	12,	0),
(70,	18,	'0',	12,	0),
(71,	19,	'0',	12,	0),
(72,	20,	'0',	12,	-0.9),
(73,	21,	'0',	12,	0),
(74,	22,	'0',	12,	0),
(75,	23,	'0',	12,	0),
(76,	24,	'0',	12,	0),
(77,	25,	'0',	12,	-0),
(78,	26,	'0',	12,	-0.6),
(79,	1,	'1',	13,	-0.5),
(80,	2,	'0',	13,	0),
(81,	3,	'0',	13,	0),
(82,	4,	'0',	13,	0),
(83,	5,	'0',	13,	0),
(84,	6,	'0',	13,	0),
(85,	7,	'0',	13,	0),
(86,	8,	'0',	13,	0),
(87,	9,	'0',	13,	0),
(88,	10,	'0',	13,	0),
(89,	11,	'0',	13,	0),
(90,	12,	'0',	13,	0),
(91,	13,	'0',	13,	0),
(92,	14,	'0',	13,	0),
(93,	15,	'0',	13,	0),
(94,	16,	'0',	13,	0),
(95,	17,	'0',	13,	0),
(96,	18,	'0',	13,	0),
(97,	19,	'0',	13,	0),
(98,	20,	'0',	13,	-0.9),
(99,	21,	'0',	13,	0),
(100,	22,	'0',	13,	0),
(101,	23,	'0',	13,	0),
(102,	24,	'0',	13,	0),
(103,	25,	'0',	13,	-0),
(104,	26,	'0',	13,	-0.6),
(105,	1,	'0',	14,	-0.5),
(106,	2,	'0',	14,	0),
(107,	3,	'0',	14,	0),
(108,	4,	'0',	14,	0),
(109,	5,	'0',	14,	0),
(110,	6,	'1',	14,	0.7),
(111,	7,	'3',	14,	2.1),
(112,	8,	'3',	14,	2.4),
(113,	9,	'0',	14,	0),
(114,	10,	'0',	14,	0),
(115,	11,	'0',	14,	0),
(116,	12,	'0',	14,	0),
(117,	13,	'0',	14,	0),
(118,	14,	'1',	14,	0.7),
(119,	15,	'0',	14,	0),
(120,	16,	'0',	14,	0),
(121,	17,	'0',	14,	0),
(122,	18,	'0',	14,	0),
(123,	19,	'0',	14,	0),
(124,	20,	'1',	14,	-0.9),
(125,	21,	'0',	14,	0),
(126,	22,	'0',	14,	0),
(127,	23,	'0',	14,	0),
(128,	24,	'1',	14,	0.8),
(129,	25,	'1',	14,	-0.5),
(130,	26,	'0',	14,	-0.6),
(131,	4,	'1',	15,	0.2),
(132,	5,	'2',	15,	1.2),
(133,	6,	'1',	15,	0.7),
(134,	7,	'0',	15,	0),
(135,	8,	'8',	15,	6.4),
(136,	10,	'0',	15,	0),
(137,	25,	'1',	15,	-0.5),
(138,	5,	'0',	16,	0),
(139,	6,	'0',	16,	0),
(140,	7,	'0',	16,	0),
(141,	8,	'0',	16,	0),
(142,	10,	'0',	16,	0),
(143,	23,	'1',	16,	0.5),
(144,	24,	'1',	16,	0.8),
(145,	25,	'1',	16,	-0.5),
(146,	2,	'1',	17,	0.3),
(147,	3,	'1',	17,	0.2),
(148,	4,	'1',	17,	0.2),
(149,	5,	'3',	17,	1.8),
(150,	6,	'50',	17,	35),
(151,	7,	'0',	17,	0),
(152,	8,	'6',	17,	4.8),
(153,	9,	'1',	17,	0.5),
(154,	10,	'7',	17,	2.8),
(155,	13,	'1',	17,	0.6),
(156,	14,	'1',	17,	0.7),
(157,	15,	'1',	17,	0.2),
(158,	16,	'1',	17,	0.1),
(159,	17,	'1',	17,	0.6),
(160,	18,	'1',	17,	0.5),
(161,	19,	'1',	17,	0.8),
(162,	20,	'1',	17,	-0.9),
(163,	21,	'1',	17,	0.6),
(164,	22,	'1',	17,	0.3),
(165,	25,	'3',	17,	-1.5),
(166,	26,	'1',	17,	0.6);

DROP TABLE IF EXISTS `migration_versions`;
CREATE TABLE `migration_versions` (
  `version` varchar(255) COLLATE utf8_unicode_ci NOT NULL,
  PRIMARY KEY (`version`)
) ENGINE=InnoDB DEFAULT CHARSET=utf8 COLLATE=utf8_unicode_ci;

INSERT INTO `migration_versions` (`version`) VALUES
('20181206101115'),
('20181206101811'),
('20181206103212'),
('20181206103439'),
('20181206114721'),
('20181206115413'),
('20181206135346'),
('20181206160150'),
('20181206170258'),
('20181206171450'),
('20181206175015');

DROP TABLE IF EXISTS `project`;
CREATE TABLE `project` (
  `id` int(11) NOT NULL AUTO_INCREMENT,
  `score` double DEFAULT NULL,
  `estimation` double DEFAULT NULL,
  `name` varchar(255) COLLATE utf8mb4_unicode_ci DEFAULT NULL,
  PRIMARY KEY (`id`)
) ENGINE=InnoDB DEFAULT CHARSET=utf8mb4 COLLATE=utf8mb4_unicode_ci;

INSERT INTO `project` (`id`, `score`, `estimation`, `name`) VALUES
(10,	-2,	0,	'The funny project'),
(11,	44.3,	269.49,	'Searching for wally project'),
(12,	-2,	0,	'This is a funny one too'),
(13,	-2,	0,	'lkjdflkjf'),
(14,	4.2,	25.55,	'Something easy'),
(15,	8,	48.67,	'another easy one'),
(16,	0.8,	4.87,	'No name project'),
(17,	48.2,	293.22,	'Coronis');

DROP TABLE IF EXISTS `question`;
CREATE TABLE `question` (
  `id` int(11) NOT NULL AUTO_INCREMENT,
  `name` varchar(255) COLLATE utf8mb4_unicode_ci NOT NULL,
  `question_text` varchar(255) COLLATE utf8mb4_unicode_ci NOT NULL,
  `weight` double NOT NULL,
  `description` longtext COLLATE utf8mb4_unicode_ci,
  `question_order` int(11) NOT NULL,
  `question_type` varchar(255) COLLATE utf8mb4_unicode_ci NOT NULL,
  PRIMARY KEY (`id`)
) ENGINE=InnoDB DEFAULT CHARSET=utf8mb4 COLLATE=utf8mb4_unicode_ci;

INSERT INTO `question` (`id`, `name`, `question_text`, `weight`, `description`, `question_order`, `question_type`) VALUES
(1,	'author_is_same',	'Is the code authored by the same person? (y/n)',	0.5,	'',	1,	'bool'),
(2,	'third_party',	'Does it integrate with third-party software? (y/n)',	0.3,	'',	2,	'bool'),
(3,	'login_system',	'Does the it require a login system? (y/n)',	0.2,	'',	3,	'bool'),
(4,	'email_templating',	'Will it require email templating? (y/n)',	0.2,	'',	4,	'bool'),
(5,	'custom_design_level',	'What is the graphic design effort level (0-10)?',	0.6,	'',	5,	'set'),
(6,	'screens_num',	'How many different screens? (1-...)',	0.7,	'Different screens include pop-ups and data regenerated  in the same screen.',	6,	'value'),
(7,	'code_age',	'How old is the code base (in months)? (0-...)',	0.7,	'The number of months a code base has since start.',	7,	'value'),
(8,	'complexity_level',	'How complex would you rate this code (0-10)?',	0.8,	'',	8,	'set'),
(9,	'two_fa',	'Two Factor Authentication required? (y/n)',	0.5,	'',	9,	'bool'),
(10,	'security_level',	'What would the security level be? (0-10)',	0.4,	'',	10,	'set'),
(11,	'eommerce',	'Is this for or a complete eCommerce piece of software? (y/n)',	0.7,	'',	11,	'bool'),
(12,	'video',	'Will it include video? (y/n)',	0.2,	'',	12,	'bool'),
(13,	'cms',	'Is this a part or the start of a CMS? (y/n)',	0.6,	'',	100,	'bool'),
(14,	'admin',	'Will it require backend administration? (y/n)',	0.7,	'',	120,	'bool'),
(15,	'statistics',	'Will it require statistical analysis or a dashboard of the sorts? (y/n)',	0.2,	'',	150,	'bool'),
(16,	'google_analytics',	'Will it require google analytics? (yes/no)',	0.1,	'',	200,	'bool'),
(17,	'custom_analytics',	'Will it require custom analytics? (yes/no)',	0.6,	'',	210,	'bool'),
(18,	'data_migration',	'Will it require data migration of sorts? (y/n)',	0.5,	'',	220,	'bool'),
(19,	'existing_database',	'Does it make use of a customer existing database? (y/n)',	0.8,	'',	240,	'bool'),
(20,	'server_control',	'Do we have control over all environment servers? (y/n)',	0.9,	'',	300,	'bool'),
(21,	'user_management',	'Does it require user management? (y/n)',	0.6,	'',	310,	'bool'),
(22,	'notifications',	'Will it require a notification system? (y/n)',	0.3,	'',	330,	'bool'),
(23,	'user_walls',	'Will it make use of a user forum \"wall\"? (y/n)',	0.5,	'',	350,	'bool'),
(24,	'time_constraints',	'Are there hard time constraints? (y/n)',	0.8,	'',	400,	'bool'),
(25,	'number_of_developers',	'How many developers will be working on this? (1-...)',	0.5,	'',	450,	'value'),
(26,	'domain_familiarity',	'Does the team or developer have familiarity with the business domain? (y/n)',	0.6,	'',	500,	'bool');

-- 2018-12-07 10:34:16
